timestamp,level,component,message,details
2025-10-31T02:21:22.620,INFO,SYSTEM,Pharmacy storage system started
2025-10-31T02:21:22.637,INFO,MEDICATION,Medication ASPIRIN_100MG: ADDED_TO_STOCK - Quantity: 500
2025-10-31T02:21:22.638,INFO,MEDICATION,Medication INSULIN_50ML: DISPENSED - Quantity: 1
2025-10-31T02:21:22.639,INFO,MEDICATION,Medication PARACETAMOL_500MG: LOW_STOCK - Quantity: 10
2025-10-31T02:21:22.639,INFO,STORAGE,Storage COLD_STORAGE_1: TEMPERATURE_ALERT: 8°C
2025-10-31T02:21:22.640,INFO,STORAGE,Storage SHELF_A2: RESTOCKED
2025-10-31T02:21:22.641,INFO,ROBOT,Robot PICKER_ROBOT_1: STARTED_MEDICATION_RETRIEVAL
2025-10-31T02:21:22.642,INFO,ROBOT,Robot TRANSPORT_ROBOT_2: MOVING_TO_DISPENSARY
2025-10-31T02:21:22.643,WARNING,INVENTORY,Medication X123 expired in 30 days
2025-10-31T02:21:22.643,ERROR,SYSTEM,Network connection to main database lost
2025-10-31T02:22:49.779,INFO,SYSTEM,Pharmacy storage system started
2025-10-31T02:22:49.794,INFO,MEDICATION,Medication ASPIRIN_100MG: ADDED_TO_STOCK - Quantity: 500
2025-10-31T02:22:49.795,INFO,MEDICATION,Medication INSULIN_50ML: DISPENSED - Quantity: 1
2025-10-31T02:22:49.796,INFO,MEDICATION,Medication PARACETAMOL_500MG: LOW_STOCK - Quantity: 10
2025-10-31T02:22:49.796,INFO,STORAGE,Storage COLD_STORAGE_1: TEMPERATURE_ALERT: 8°C
2025-10-31T02:22:49.797,INFO,STORAGE,Storage SHELF_A2: RESTOCKED
2025-10-31T02:22:49.798,INFO,ROBOT,Robot PICKER_ROBOT_1: STARTED_MEDICATION_RETRIEVAL
2025-10-31T02:22:49.798,INFO,ROBOT,Robot TRANSPORT_ROBOT_2: MOVING_TO_DISPENSARY
2025-10-31T02:22:49.799,WARNING,INVENTORY,Medication X123 expired in 30 days
2025-10-31T02:22:49.799,ERROR,SYSTEM,Network connection to main database lost
2025-10-31T03:17:26.389,INFO,SYSTEM,Automated Pharmacy Storage System started
2025-10-31T03:17:26.400,INFO,MEDICATION,Medication ASPIRIN_100MG: RESTOCKED - Quantity: 1000
2025-10-31T03:17:26.400,INFO,MEDICATION,Medication INSULIN_50ML: DISPENSED - Quantity: 5
2025-10-31T03:17:26.401,INFO,STORAGE,Storage REFRIGERATED_UNIT_1: TEMPERATURE_ALERT: 8°C
2025-10-31T03:17:26.402,INFO,ROBOT,Robot PICKER_BOT_01: RETRIEVING_MEDICATION
2025-10-31T03:17:26.402,ERROR,SYSTEM,Network connection lost
